<?xml version="1.0" encoding="UTF-8"?><?xml-stylesheet  href="../../theme/xsl/index2html.xslt" type="text/xsl"?>
<topics FeatureID="-1" title="Messaging" compressed="true">
   <topicref FeatureID="-1" href="MCE_HLP_MESSAGING.html" navtitle="Messaging centre"/>
   <topicref FeatureID="-1" href="MCE_HLP_SIM.html" navtitle="View SIM messages"/>
   <topicref FeatureID="-1" href="MCE_HLP_SETTINGS.html" navtitle="Messaging settings"/>
   <topicref FeatureID="-1" href="MCE_HLP_SETTINGS_SMS.html" navtitle="Text message settings"/>
   <topicref FeatureID="-1" href="SMS_HLP_SETTINGS_SCENTRES.html" navtitle="Text msg. centre settings"/>
   <topicref FeatureID="-1" href="SMS_HLP_SETTINGS_SCENTRES_EDIT.html" navtitle="Edit text msg. centres"/>
   <topicref FeatureID="true_1092" href="SMS_HLP_SETTINGS_SMS_EMAIL.html" navtitle="Text msg. e-mail sett."/>
   <topicref FeatureID="-1" href="MCE_HLP_SETTINGS_MMS.html" navtitle="Multim. msg. settings"/>
   <topicref FeatureID="true_1090" href="MCE_HLP_SETTINGS_CB.html" navtitle="Cell broadcast settings"/>
   <topicref FeatureID="-1" href="MCE_HLP_SETTINGS_GEN.html" navtitle="Other settings"/>
   <topicref FeatureID="-1" href="MCE_HLP_INBOX.html" navtitle="Inbox"/>
   <topicref FeatureID="-1" href="MCE_HLP_DOCUMENTS.html" navtitle="My folders"/>
   <topicref FeatureID="-1" href="MCE_HLP_TEMPLATES.html" navtitle="Message templates"/>
   <topicref FeatureID="-1" href="MCE_HLP_FOLDER.html" navtitle="Organise messages"/>
   <topicref FeatureID="-1" href="MCE_HLP_DRAFTS.html" navtitle="Drafts"/>
   <topicref FeatureID="-1" href="MCE_HLP_SENT_ITEMS.html" navtitle="Sent messages"/>
   <topicref FeatureID="-1" href="MCE_HLP_OUTBOX.html" navtitle="Outbox"/>
   <topicref FeatureID="-1" href="MCE_HLP_DELIVERY_REPORTS.html" navtitle="Delivery reports"/>
   <topicref FeatureID="true_1132" href="MCE_HLP_MMS_NOTIFICATIONS.html" navtitle="Multimedia notifications"/>
   <topicref FeatureID="-1" href="FIND_HLP.html" navtitle="Find numbers/addresses"/>
</topics>